design,regime,p,seed,m,estimate,standard_error,population_reference,absolute_difference,tolerance,agrees_with_population
fixed_cardinality,independent,0.125,101,8192,0.008713917164419112,0.003926041796625421,0.0000026887573475138923,0.008711228407071598,0.027917858305943916,true
fixed_cardinality,independent,0.125,202,8192,0.0031727553506599266,0.003943365743633324,0.0000026887573475138923,0.0031700665933124127,0.02802023724101841,true
fixed_cardinality,independent,0.125,303,8192,-0.009726352531081207,0.003832355254942202,0.0000026887573475138923,0.009729041288428721,0.027364440501488813,true
fixed_cardinality,independent,0.25,101,8192,0.19864123623605298,0.0032223099166072736,0.1994740396217008,0.0008328033856478123,0.023856050763021244,true
fixed_cardinality,independent,0.25,202,8192,0.20123403628848668,0.0032045900007802042,0.1994740396217008,0.0017599966667858902,0.023752542200520234,true
fixed_cardinality,independent,0.25,303,8192,0.19911403915541215,0.003238786379576545,0.1994740396217008,0.0003600004662886458,0.023952322381186993,true
fixed_cardinality,independent,0.375,101,8192,0.301669117744111,0.0029021716512211203,0.2992068331399349,0.0024622846041760793,0.022116803087990255,true
fixed_cardinality,independent,0.375,202,8192,0.3000348157725711,0.0029468547391412114,0.2992068331399349,0.0008279826326361706,0.02237463595027458,true
fixed_cardinality,independent,0.375,303,8192,0.297588629467831,0.002923138189667844,0.2992068331399349,0.0016182036721039128,0.022237748520795107,true
fixed_cardinality,independent,0.5,101,8192,0.36451012898080626,0.0027252446946795274,0.36392827914272585,0.000581849838080406,0.02123770625709416,true
fixed_cardinality,independent,0.5,202,8192,0.3630565335762769,0.0027380432903799353,0.36392827914272585,0.0008717455664489782,0.021310566828212973,true
fixed_cardinality,independent,0.5,303,8192,0.36733971065044024,0.002752973767353555,0.36392827914272585,0.003411431507714391,0.021395606630662468,true
fixed_cardinality,independent,0.625,101,8192,0.4129523809671272,0.002819445919718853,0.41186951692511636,0.001082864042010856,0.022063107530452125,true
fixed_cardinality,independent,0.625,202,8192,0.4081553356098707,0.0028100409725670007,0.41186951692511636,0.003714181315245646,0.02201027020049873,true
fixed_cardinality,independent,0.625,303,8192,0.41124356815993707,0.0028243230537634075,0.41186951692511636,0.0006259487651792961,0.02209051598759644,true
fixed_cardinality,independent,0.75,101,8192,0.4538489288278683,0.0029746753407559542,0.4522187172717778,0.0016302115560904995,0.02334397488907845,true
fixed_cardinality,independent,0.75,202,8192,0.45703144445547894,0.003015579492564365,0.4522187172717778,0.0048127271837011265,0.023570649224283105,true
fixed_cardinality,independent,0.75,303,8192,0.45248717619721335,0.003000661847216624,0.4522187172717778,0.00026845892543553296,0.02348792902011743,true
fixed_cardinality,independent,0.875,101,8192,0.4921050394770189,0.0032492710293360438,0.4892860495518835,0.0028189899251354067,0.025442187152232197,true
fixed_cardinality,independent,0.875,202,8192,0.48958017156262135,0.0032314179395253563,0.4892860495518835,0.0002941220107378628,0.025344839616925862,true
fixed_cardinality,independent,0.875,303,8192,0.4834809769260655,0.0032388882265236996,0.4892860495518835,0.005805072625817975,0.02538556148099177,true
fixed_cardinality,independent,1,101,8192,0.5252882270203939,0.003618063509832627,0.5244545508842997,0.0008336761360941969,0.028255247805262947,true
fixed_cardinality,independent,1,202,8192,0.5230861705065823,0.0036062938852619315,0.5244545508842997,0.0013683803777173598,0.028192065621185397,true
fixed_cardinality,independent,1,303,8192,0.5297909274090263,0.003632483983058736,0.5244545508842997,0.005336376524726627,0.02833271612111078,true
bernoulli_conditioned_nonempty,independent,0.125,101,8192,0.09085122270597638,0.0038099409173791214,0.09157173559371852,0.0007205128877421363,0.02724720500251897,true
bernoulli_conditioned_nonempty,independent,0.125,202,8192,0.08901962429811246,0.0038597217817768685,0.09157173559371852,0.002552111295606063,0.027540973391643266,true
bernoulli_conditioned_nonempty,independent,0.125,303,8192,0.0859362028601875,0.003850795709299484,0.09157173559371852,0.005635532733531026,0.027488289449412246,true
bernoulli_conditioned_nonempty,independent,0.25,101,8192,0.18514738475378853,0.0036371613475193274,0.18572786625410365,0.0005804815003151165,0.026279355261161215,true
bernoulli_conditioned_nonempty,independent,0.25,202,8192,0.18689281795442786,0.0036093206924398416,0.18572786625410365,0.0011649517003242127,0.026115758766104346,true
bernoulli_conditioned_nonempty,independent,0.25,303,8192,0.18718229108585588,0.003663255106932061,0.18572786625410365,0.0014544248317522324,0.02643273282580033,true
bernoulli_conditioned_nonempty,independent,0.375,101,8192,0.2735635395126721,0.003337784033792366,0.2722926108583135,0.0012709286543585718,0.02461333303968635,true
bernoulli_conditioned_nonempty,independent,0.375,202,8192,0.2759067080983547,0.0032868210915189154,0.2722926108583135,0.003614097240041192,0.024316386532450638,true
bernoulli_conditioned_nonempty,independent,0.375,303,8192,0.2701978536261978,0.003366789023572812,0.2722926108583135,0.002094757232115718,0.024782451194058547,true
bernoulli_conditioned_nonempty,independent,0.5,101,8192,0.34304732268583543,0.0030367177619019903,0.3439656068921055,0.000918284206270048,0.022987740186853383,true
bernoulli_conditioned_nonempty,independent,0.5,202,8192,0.3415005185224835,0.0030134404996033284,0.3439656068921055,0.002465088369622004,0.022853762411110253,true
bernoulli_conditioned_nonempty,independent,0.5,303,8192,0.346759038740601,0.002999340305817258,0.3439656068921055,0.002793431848495509,0.022772645726450186,true
bernoulli_conditioned_nonempty,independent,0.625,101,8192,0.40212024898928495,0.002938035938619108,0.400676549799076,0.0014436991902089247,0.02269892651216156,true
bernoulli_conditioned_nonempty,independent,0.625,202,8192,0.3976473946613143,0.002926212981170592,0.400676549799076,0.0030291551377616965,0.022632065724206642,true
bernoulli_conditioned_nonempty,independent,0.625,303,8192,0.3986173305957031,0.0029481563611996925,0.400676549799076,0.0020592192033729306,0.022756182976073503,true
bernoulli_conditioned_nonempty,independent,0.75,101,8192,0.4486476292523106,0.0030294714960260945,0.44648904551471924,0.0021585837375913686,0.023621502915342624,true
bernoulli_conditioned_nonempty,independent,0.75,202,8192,0.44966895532077483,0.003078586189834165,0.44648904551471924,0.003179909806055592,0.023894803604079865,true
bernoulli_conditioned_nonempty,independent,0.75,303,8192,0.4511905400610968,0.003052832543211516,0.44648904551471924,0.004701494546377583,0.023751419704832376,true
bernoulli_conditioned_nonempty,independent,0.875,101,8192,0.48877873272943884,0.003273788956320071,0.48688085900356226,0.0018978737258765754,0.025553264489384768,true
bernoulli_conditioned_nonempty,independent,0.875,202,8192,0.48761819266339934,0.00324496881099881,0.48688085900356226,0.0007373336598370805,0.02539579011131204,true
bernoulli_conditioned_nonempty,independent,0.875,303,8192,0.48109766855066893,0.0032494778113096377,0.48688085900356226,0.0057831904528933276,0.02542041174005554,true
bernoulli_conditioned_nonempty,independent,1,101,8192,0.5252882270203939,0.003618063509832627,0.5244545508842997,0.0008336761360941969,0.028255247805262947,true
bernoulli_conditioned_nonempty,independent,1,202,8192,0.5230861705065823,0.0036062938852619315,0.5244545508842997,0.0013683803777173598,0.028192065621185397,true
bernoulli_conditioned_nonempty,independent,1,303,8192,0.5297909274090263,0.003632483983058736,0.5244545508842997,0.005336376524726627,0.02833271612111078,true
fixed_cardinality,positive_block,0.125,101,8192,-0.0026393366719718744,0.0039025875630821177,-0.0000015979630249293005,0.002637738708946945,0.028137421444146497,true
fixed_cardinality,positive_block,0.125,202,8192,0.00018601765747431362,0.0040005805487375486,-0.0000015979630249293005,0.00018761562049924291,0.02870820704525618,true
fixed_cardinality,positive_block,0.125,303,8192,0.0019208936819341258,0.003928383046503064,-0.0000015979630249293005,0.001922491644959055,0.02828759449149718,true
fixed_cardinality,positive_block,0.25,101,8192,0.17989128147876965,0.003324742500166777,0.18096910700761676,0.0010778255288471095,0.02475432830161389,true
fixed_cardinality,positive_block,0.25,202,8192,0.18141688436848744,0.0033584279050825764,0.18096910700761676,0.000447777360870677,0.024948667119775603,true
fixed_cardinality,positive_block,0.25,303,8192,0.18225853283697835,0.0033649723695273587,0.18096910700761676,0.0012894258293615901,0.02498644067108083,true
fixed_cardinality,positive_block,0.375,101,8192,0.2693252953692438,0.0033061531212918538,0.27145359692925175,0.002128301560007928,0.024933826015864892,true
fixed_cardinality,positive_block,0.375,202,8192,0.27705549470006696,0.003336427560467927,0.27145359692925175,0.005601897770815212,0.02510603435598685,true
fixed_cardinality,positive_block,0.375,303,8192,0.2738540477561159,0.003335970796761854,0.27145359692925175,0.002400450826864131,0.025103434997592777,true
fixed_cardinality,positive_block,0.5,101,8192,0.33559260262396035,0.0035514220593050746,0.33553662325003963,0.000055979373920711506,0.02659632307063804,true
fixed_cardinality,positive_block,0.5,202,8192,0.33249604407887545,0.0034983131678093023,0.33553662325003963,0.0030405791711641816,0.026296082298817035,true
fixed_cardinality,positive_block,0.5,303,8192,0.337645751926151,0.003577914492881135,0.33553662325003963,0.0021091286761113492,0.02674628016653394,true
fixed_cardinality,positive_block,0.625,101,8192,0.39235741704394145,0.0037338274307468543,0.390165219810293,0.0021921972336484408,0.0279426283542822,true
fixed_cardinality,positive_block,0.625,202,8192,0.38858136678254807,0.0036901110432074275,0.390165219810293,0.0015838530277449414,0.027697378182849956,true
fixed_cardinality,positive_block,0.625,303,8192,0.3965104822676757,0.003757943602668315,0.390165219810293,0.0063452624573827054,0.02807807456354947,true
fixed_cardinality,positive_block,0.75,101,8192,0.4371564538255962,0.003759677899140725,0.4394122028801931,0.0022557490545969117,0.028442599407897638,true
fixed_cardinality,positive_block,0.75,202,8192,0.4358472483053976,0.0037587238551581837,0.4394122028801931,0.003564954574795498,0.028437316585924185,true
fixed_cardinality,positive_block,0.75,303,8192,0.4386330770516922,0.003753437902374155,0.4394122028801931,0.0007791258285009262,0.02840805031861125,true
fixed_cardinality,positive_block,0.875,101,8192,0.4890908477990822,0.0037296183726857252,0.4835224165090735,0.0055684312900086685,0.028629488693459774,true
fixed_cardinality,positive_block,0.875,202,8192,0.4839215098709689,0.0037274299228261276,0.4835224165090735,0.00039909336189536404,0.02861755909416348,true
fixed_cardinality,positive_block,0.875,303,8192,0.4840308648955465,0.003728919759179988,0.4835224165090735,0.0005084483864729594,0.028625680303785955,true
fixed_cardinality,positive_block,1,101,8192,0.5221506556957027,0.003716610530859832,0.5228204804855534,0.0006698247898506704,0.028919031885624596,true
fixed_cardinality,positive_block,1,202,8192,0.51607140554328,0.003699480642175373,0.5228204804855534,0.006749074942273392,0.02882709859671748,true
fixed_cardinality,positive_block,1,303,8192,0.5252463857051775,0.0036858879848497466,0.5228204804855534,0.002425905219624047,0.02875420975252876,true
bernoulli_conditioned_nonempty,positive_block,0.125,101,8192,0.0845775482386113,0.003806660219525126,0.08134639632921374,0.003231151909397559,0.027408340827444404,true
bernoulli_conditioned_nonempty,positive_block,0.125,202,8192,0.08808695782023844,0.0038880298533603497,0.08134639632921374,0.006740561491024699,0.02788494355001126,true
bernoulli_conditioned_nonempty,positive_block,0.125,303,8192,0.08018751687010256,0.003921771498366282,0.08134639632921374,0.0011588794591111812,0.02808271346836128,true
bernoulli_conditioned_nonempty,positive_block,0.25,101,8192,0.16707383236258985,0.0037398787860200102,0.16933489699720666,0.0022610646346168106,0.027176159453433678,true
bernoulli_conditioned_nonempty,positive_block,0.25,202,8192,0.1684799749776822,0.003733368299488645,0.16933489699720666,0.0008549220195244733,0.02713834060448449,true
bernoulli_conditioned_nonempty,positive_block,0.25,303,8192,0.167270556113368,0.00382723838421222,0.16933489699720666,0.0020643408838386668,0.027684014405664384,true
bernoulli_conditioned_nonempty,positive_block,0.375,101,8192,0.24821677778685208,0.003694276495352232,0.25045260584491635,0.002235828058064271,0.02709889804255676,true
bernoulli_conditioned_nonempty,positive_block,0.375,202,8192,0.25649903765680154,0.00375103103778999,0.25045260584491635,0.006046431811885189,0.02742586330501184,true
bernoulli_conditioned_nonempty,positive_block,0.375,303,8192,0.2491355954140967,0.0036572376309022764,0.25045260584491635,0.001317010430819665,0.026885728922460796,true
bernoulli_conditioned_nonempty,positive_block,0.5,101,8192,0.32170280185883754,0.003733950468648498,0.3212594558439823,0.0004433460148552393,0.027568200272827945,true
bernoulli_conditioned_nonempty,positive_block,0.5,202,8192,0.31401860399222425,0.003703402090995501,0.3212594558439823,0.007240851851758046,0.02739403552467658,true
bernoulli_conditioned_nonempty,positive_block,0.5,303,8192,0.3263625782453071,0.003794063110747683,0.3212594558439823,0.005103122401324822,0.02791131741240338,true
bernoulli_conditioned_nonempty,positive_block,0.625,101,8192,0.38451213873554,0.003805109293128219,0.3819658431377201,0.0025462955978199364,0.028307177460864648,true
bernoulli_conditioned_nonempty,positive_block,0.625,202,8192,0.3823299124763574,0.003743313306794514,0.3819658431377201,0.0003640693386373073,0.027959262012846632,true
bernoulli_conditioned_nonempty,positive_block,0.625,303,8192,0.3927281115718759,0.0038285280247191806,0.3819658431377201,0.010762268434155842,0.028439202111294578,true
bernoulli_conditioned_nonempty,positive_block,0.75,101,8192,0.4280742412194206,0.0038005890904995827,0.4345170270204648,0.006442785801044182,0.028631220516742693,true
bernoulli_conditioned_nonempty,positive_block,0.75,202,8192,0.4316569280488798,0.00383938580562112,0.4345170270204648,0.0028600989715850123,0.02884688386114653,true
bernoulli_conditioned_nonempty,positive_block,0.75,303,8192,0.4319621811443148,0.0037765528806623407,0.4345170270204648,0.0025548458761500137,0.028497765127997517,true
bernoulli_conditioned_nonempty,positive_block,0.875,101,8192,0.48378171853996854,0.0037494869811318513,0.48113247288301986,0.0026492456569486844,0.028717730043002487,true
bernoulli_conditioned_nonempty,positive_block,0.875,202,8192,0.4794806095869455,0.0037410767984358303,0.48113247288301986,0.0016518632960743629,0.028671811569541926,true
bernoulli_conditioned_nonempty,positive_block,0.875,303,8192,0.4793447687010495,0.0037575524708514294,0.48113247288301986,0.0017877041819703843,0.028761783147859675,true
bernoulli_conditioned_nonempty,positive_block,1,101,8192,0.5221506556957027,0.003716610530859832,0.5228204804855534,0.0006698247898506704,0.028919031885624596,true
bernoulli_conditioned_nonempty,positive_block,1,202,8192,0.51607140554328,0.003699480642175373,0.5228204804855534,0.006749074942273392,0.02882709859671748,true
bernoulli_conditioned_nonempty,positive_block,1,303,8192,0.5252463857051775,0.0036858879848497466,0.5228204804855534,0.002425905219624047,0.02875420975252876,true
fixed_cardinality,negative_block,0.125,101,8192,0.0016483829000582557,0.0038926324930723404,-0.0000012315447381098028,0.0016496144447963655,0.02772031003360186,true
fixed_cardinality,negative_block,0.125,202,8192,0.002683284611357462,0.003974103030962087,-0.0000012315447381098028,0.0026845161560955714,0.028201771967669088,true
fixed_cardinality,negative_block,0.125,303,8192,0.003186517084158029,0.003946376018734045,-0.0000012315447381098028,0.0031877486288961385,0.028037881821707796,true
fixed_cardinality,negative_block,0.25,101,8192,0.2081758973338882,0.0031346346621375014,0.21127445734126238,0.003098560007374185,0.022979983301513168,true
fixed_cardinality,negative_block,0.25,202,8192,0.21469585380291817,0.0031234168749215813,0.21127445734126238,0.00342139646165579,0.02291328930849087,true
fixed_cardinality,negative_block,0.25,303,8192,0.20757868906519417,0.003141184267109908,0.21127445734126238,0.003695768276068212,0.023018925179432617,true
fixed_cardinality,negative_block,0.375,101,8192,0.31661194895453515,0.0027369034581153006,0.3169113864918075,0.00029943753727235123,0.020861256047520645,true
fixed_cardinality,negative_block,0.375,202,8192,0.31712519771157377,0.0027438575400929558,0.3169113864918075,0.00021381121976626893,0.020901894784496344,true
fixed_cardinality,negative_block,0.375,303,8192,0.31440364221951245,0.0027256759940024393,0.3169113864918075,0.002507744272295054,0.020795655467072686,true
fixed_cardinality,negative_block,0.5,101,8192,0.3845553699647344,0.0025320762006343293,0.3829108565410058,0.0016445134237285663,0.01987990471927376,true
fixed_cardinality,negative_block,0.5,202,8192,0.37944148856637694,0.0025092743940943354,0.3829108565410058,0.0034693679746288786,0.019749066812310073,true
fixed_cardinality,negative_block,0.5,303,8192,0.3847339695794005,0.002546639919283759,0.3829108565410058,0.0018231130383946637,0.019963524473917475,true
fixed_cardinality,negative_block,0.625,101,8192,0.43344073874728284,0.0028812131268093253,0.43098488247022315,0.002455856277059687,0.02230932918362066,true
fixed_cardinality,negative_block,0.625,202,8192,0.43405835612488003,0.0028537172335244025,0.43098488247022315,0.0030734736546568775,0.022153644316212435,true
fixed_cardinality,negative_block,0.625,303,8192,0.43524410326339524,0.0028715028243509093,0.43098488247022315,0.004259220793172092,0.02225432970908083,true
fixed_cardinality,negative_block,0.75,101,8192,0.4759435399734902,0.0027967340386082797,0.4750667233354517,0.0008768166380385134,0.02207800722247503,true
fixed_cardinality,negative_block,0.75,202,8192,0.47506466372100076,0.0028175891553248902,0.4750667233354517,0.000002059614450933278,0.02219421584717661,true
fixed_cardinality,negative_block,0.75,303,8192,0.47563855493454976,0.0027838132091619144,0.4750667233354517,0.0005718315990980716,0.022006069931121836,true
fixed_cardinality,negative_block,0.875,101,8192,0.5255736229843444,0.0034300252455562604,0.522871687248871,0.002701935735473393,0.026519929774754498,true
fixed_cardinality,negative_block,0.875,202,8192,0.522313218602616,0.003411067006296351,0.522871687248871,0.0005584686462549726,0.026416025846842783,true
fixed_cardinality,negative_block,0.875,303,8192,0.5225378217835559,0.003448277673216151,0.522871687248871,0.0003338654653151085,0.026620054889676805,true
fixed_cardinality,negative_block,1,101,8192,0.569085626948011,0.004714934926992324,0.5641910224244311,0.004894604523579926,0.03558447199792246,true
fixed_cardinality,negative_block,1,202,8192,0.5629501944653985,0.004639467146396119,0.5641910224244311,0.0012408279590325755,0.035179551900393846,true
fixed_cardinality,negative_block,1,303,8192,0.5686486187235802,0.004701361013872934,0.5641910224244311,0.0044575962991491025,0.035511545439715714,true
bernoulli_conditioned_nonempty,negative_block,0.125,101,8192,0.09978730001514444,0.0037768166892554918,0.0969372115056289,0.0028500885095155415,0.02669108694139941,true
bernoulli_conditioned_nonempty,negative_block,0.125,202,8192,0.10173798748888868,0.00387438242898334,0.0969372115056289,0.004800775983259786,0.027275722180978273,true
bernoulli_conditioned_nonempty,negative_block,0.125,303,8192,0.09652291637383334,0.003854203737058465,0.0969372115056289,0.00041429513179555566,0.027154803901409858,true
bernoulli_conditioned_nonempty,negative_block,0.25,101,8192,0.19412565869672627,0.0035709395704214765,0.19625902517682675,0.002133366480100485,0.025556060212883366,true
bernoulli_conditioned_nonempty,negative_block,0.25,202,8192,0.19511093826849216,0.003554369822033749,0.19625902517682675,0.0011480869083345946,0.025457246022824464,true
bernoulli_conditioned_nonempty,negative_block,0.25,303,8192,0.19240768658708907,0.0036055469960390163,0.19625902517682675,0.003851338589737685,0.025762460384870074,true
bernoulli_conditioned_nonempty,negative_block,0.375,101,8192,0.28780721023424066,0.0031924102815785575,0.2868014396060698,0.0010057706281708656,0.023464528374262394,true
bernoulli_conditioned_nonempty,negative_block,0.375,202,8192,0.2868048604389864,0.0032690391472720505,0.2868014396060698,0.00000342083291660078,0.023917145184221025,true
bernoulli_conditioned_nonempty,negative_block,0.375,303,8192,0.28748189601262353,0.0032023264706782266,0.2868014396060698,0.0006804564065537311,0.02352308059482604,true
bernoulli_conditioned_nonempty,negative_block,0.5,101,8192,0.36386919540566387,0.002845822245645424,0.3606465047688538,0.003222690636810077,0.02162364372852348,true
bernoulli_conditioned_nonempty,negative_block,0.5,202,8192,0.3583802610305908,0.002852888472029961,0.3606465047688538,0.0022662437382630074,0.02166472416855253,true
bernoulli_conditioned_nonempty,negative_block,0.5,303,8192,0.3639944411617737,0.002880955626561723,0.3606465047688538,0.0033479363929199146,0.02182795716655689,true
bernoulli_conditioned_nonempty,negative_block,0.625,101,8192,0.42438098227754906,0.0030319504818087967,0.4194971590590597,0.004883823218489347,0.023117996622295082,true
bernoulli_conditioned_nonempty,negative_block,0.625,202,8192,0.42344176395712474,0.0029581957006135917,0.4194971590590597,0.0039446048980650295,0.02269740425015353,true
bernoulli_conditioned_nonempty,negative_block,0.625,303,8192,0.42582229420495693,0.0029965196040059004,0.4194971590590597,0.0063251351458972205,0.022915824362684415,true
bernoulli_conditioned_nonempty,negative_block,0.75,101,8192,0.4654105183478476,0.003407996070295455,0.46880049057494566,0.0033899722270980814,0.025916301600355168,true
bernoulli_conditioned_nonempty,negative_block,0.75,202,8192,0.4693116575910839,0.0034704651842684385,0.46880049057494566,0.0005111670161382365,0.026266413395970488,true
bernoulli_conditioned_nonempty,negative_block,0.75,303,8192,0.4708721116336926,0.003415257419608358,0.46880049057494566,0.0020716210587469197,0.025956956364924417,true
bernoulli_conditioned_nonempty,negative_block,0.875,101,8192,0.5203083014082936,0.0034699956038303737,0.519301836766745,0.0010064646415486322,0.026716949821488575,true
bernoulli_conditioned_nonempty,negative_block,0.875,202,8192,0.5197407564523604,0.0034586657054078646,0.519301836766745,0.00043891968561537986,0.02665466336439089,true
bernoulli_conditioned_nonempty,negative_block,0.875,303,8192,0.5187563801358,0.0034884140883660398,0.519301836766745,0.0005454566309449627,0.026818275355493842,true
bernoulli_conditioned_nonempty,negative_block,1,101,8192,0.569085626948011,0.004714934926992324,0.5641910224244311,0.004894604523579926,0.03558447199792246,true
bernoulli_conditioned_nonempty,negative_block,1,202,8192,0.5629501944653985,0.004639467146396119,0.5641910224244311,0.0012408279590325755,0.035179551900393846,true
bernoulli_conditioned_nonempty,negative_block,1,303,8192,0.5686486187235802,0.004701361013872934,0.5641910224244311,0.0044575962991491025,0.035511545439715714,true
