design,regime,p,k,variance_0,variance_1,variance_2,variance_3,variance_4,variance_5,variance_6,variance_7,active_count_at_0.02,effective_support,train_objective,validation_objective,validation_standard_error,optimizer_success,optimizer_iterations,optimizer_message
fixed_cardinality,independent,0.125,1,9.999999604000014e-9,0.15543745274351467,0.557224956542425,9.999999604000014e-9,0.28342665000814926,9.999999604000014e-9,0.003910900705912628,9.999999604000014e-9,3,2.409601307074388,0.000025559017607257412,0.0000026887573475138923,0.0006905512118875856,true,18,Optimization terminated successfully
fixed_cardinality,independent,0.25,2,0.12578967483208311,0.1246757581344595,0.12499509191041974,0.12352945574339387,0.12476660996581831,0.12682114114914655,0.12686342893248312,0.12255883933219584,8,7.998995716334581,0.1994686006453823,0.1994740396217008,0.0007539641302939296,true,11,Optimization terminated successfully
fixed_cardinality,independent,0.375,3,0.12596602411395916,0.12401715748305299,0.12597416033259046,0.1235081018667013,0.12421933397881785,0.12728504601977045,0.12690392595270278,0.12212625025240495,8,7.998541822519099,0.29921903892225954,0.2992068331399349,0.0008334157221865526,true,13,Optimization terminated successfully
fixed_cardinality,independent,0.5,4,0.12659203393598423,0.12480400772276419,0.1261941918033367,0.12232770932190047,0.12299232974229891,0.1296931618521696,0.12767966392609578,0.11971690169545016,8,7.995376213104316,0.3639726264869365,0.36392827914272585,0.0009093343987381097,true,9,Optimization terminated successfully
fixed_cardinality,independent,0.625,5,0.14435116182907776,0.14234772930484282,0.14471159311278717,0.136161471097598,0.1407050004210418,0.14867442579707713,0.14304860843757544,9.999999901000002e-9,7,6.995628555503411,0.4118752545461676,0.41186951692511636,0.0010554349164731138,true,12,Optimization terminated successfully
fixed_cardinality,independent,0.75,6,0.1673769157450194,0.16450241625662546,0.17317234945828813,0.14904468008185548,0.0040841325646069,0.17494126227083193,0.16687823362277282,9.999999901000847e-9,6,6.033236142353536,0.45239363294960455,0.4522187172717778,0.0012431635577210274,true,33,Optimization terminated successfully
fixed_cardinality,independent,0.875,7,0.1983615141908666,0.17158167228412777,0.2087618681101465,0.0037090998583862475,0.0037142905546619534,0.2096090307349446,0.20426251426686634,9.999999900999696e-9,5,5.049083350293613,0.4894422358773414,0.4892860495518835,0.001487801788960077,true,31,Optimization terminated successfully
fixed_cardinality,independent,1,8,0.24148324924863135,0.001097309327817324,0.24014480269650526,9.999999901000007e-9,0.01023094299314873,0.2580151736417563,0.24696362176358827,0.0020648903285528067,4,4.104135270137342,0.5249367117142141,0.5244545508842997,0.001803262767351223,true,113,Optimization terminated successfully
bernoulli_conditioned_nonempty,independent,0.125,1,0.12585347184369028,0.1245197639094975,0.1253479591225571,0.12337211185124235,0.12457958305194661,0.12713215556966287,0.12712401048914804,0.12207094416225524,8,7.998621436782165,0.09157610786888105,0.09157173559371852,0.0007045319141110506,true,10,Optimization terminated successfully
bernoulli_conditioned_nonempty,independent,0.25,2,0.12604775617773614,0.12422094355155824,0.12565045020364968,0.12323198096624267,0.12402250372913057,0.12773866226186953,0.12746230442205275,0.12162539868776041,8,7.998006234882862,0.18573653721526376,0.18572786625410365,0.0007477324017959974,true,8,Optimization terminated successfully
bernoulli_conditioned_nonempty,independent,0.375,3,0.1263181359744922,0.12441609600184823,0.12590121366725357,0.12277908957471763,0.1231423095565959,0.12939392141649572,0.1277941297662285,0.1202551040423682,8,7.996104182034101,0.2723141742714244,0.2722926108583135,0.0008137809181771401,true,8,Optimization terminated successfully
bernoulli_conditioned_nonempty,independent,0.5,4,0.12758240994917597,0.12432869061055016,0.12655522546037562,0.12212137015134238,0.12258853953133228,0.13181062700640514,0.12831977094801564,0.11669336634280277,8,7.990408597520734,0.3440096295976322,0.3439656068921055,0.00089061005694614,true,12,Optimization terminated successfully
bernoulli_conditioned_nonempty,independent,0.625,5,0.14428592849260818,0.14186600059892396,0.14527277371464822,0.13513372662769374,0.14034273825204446,0.1498340416280835,0.14326478068599807,9.999999901e-9,7,6.99394527049656,0.4006923809697842,0.400676549799076,0.0010394425101545469,true,11,Optimization terminated successfully
bernoulli_conditioned_nonempty,independent,0.75,6,0.16840297834598963,0.16478527672525578,0.174828413744221,0.1451014831331529,0.0041616408931589915,0.17608416157072104,0.16663603558750073,9.999999900994493e-9,6,6.02686711904034,0.4467107994996919,0.44648904551471924,0.0012316008668525932,true,42,Optimization terminated successfully
bernoulli_conditioned_nonempty,independent,0.875,7,0.19541078243768742,0.19095856267716277,0.20375025281350395,9.999999900999989e-9,0.00456230291868971,0.20514855515021937,0.197230103824793,0.002939430177943791,5,5.071513141392736,0.48701292799635276,0.48688085900356226,0.0014786087816530732,true,64,Optimization terminated successfully
bernoulli_conditioned_nonempty,independent,1,8,0.24148324924863135,0.001097309327817324,0.24014480269650526,9.999999901000007e-9,0.01023094299314873,0.2580151736417563,0.24696362176358827,0.0020648903285528067,4,4.104135270137342,0.5249367117142141,0.5244545508842997,0.001803262767351223,true,113,Optimization terminated successfully
fixed_cardinality,positive_block,0.125,1,0.008816082674884077,0.008816027807824227,0.002334593227303023,0.002334587767549423,0.29792759950723546,0.2979277176400081,0.1909217717313636,0.190921619643832,4,3.990577232901384,0.000028070067919111098,-0.0000015979630249293005,0.0009765057492791313,true,18,Optimization terminated successfully
fixed_cardinality,positive_block,0.25,2,0.21964544329154034,0.04207963677381197,9.999999901e-9,0.2110810916308522,0.22007393223107433,0.044365496994106614,0.04284853413631163,0.21990585494230294,7,5.123857503042576,0.18099340403242448,0.18096910700761676,0.0009545401208642464,true,80,Optimization terminated successfully
fixed_cardinality,positive_block,0.375,3,0.04170546643919622,0.21990735981335097,9.999999895165857e-9,0.21105664035853083,0.2203522740628728,0.044824399864110374,0.21896253517606484,0.04319131428587413,7,5.127733607625656,0.2714892620070492,0.27145359692925175,0.0011145717544706797,true,23,Optimization terminated successfully
fixed_cardinality,positive_block,0.5,4,0.23814424364032102,0.02848812779341811,0.2390114076345069,0.025737782007676322,0.23449905792863154,0.003201839537860902,0.2309175314575852,9.999999901e-9,6,4.471549849090572,0.33558240154698304,0.33553662325003963,0.0012532210183848474,true,44,Optimization terminated successfully
fixed_cardinality,positive_block,0.625,5,0.24628364655551313,0.008697836965831214,0.008550588017239426,0.24883493187227287,0.2456799656508602,9.999999802000712e-9,0.24195301093828372,9.999999802000712e-9,4,4.138676661412359,0.39022288219834705,0.390165219810293,0.0014078808971263867,true,51,Optimization terminated successfully
fixed_cardinality,positive_block,0.75,6,0.0011390437214421555,0.24987082501603217,0.0013404974447935904,0.25283198960405,9.999999901000002e-9,0.24955607646866035,0.24400766999587245,0.0012538877491495121,4,4.029299631375514,0.4394727106747534,0.4394122028801931,0.0015685649955064934,true,62,Optimization terminated successfully
fixed_cardinality,positive_block,0.875,7,0.00017820943758937842,0.24981568825151293,0.2565407157017799,0.00018780875308222112,9.99999990100112e-9,0.25058631474205434,0.24269122433532622,2.8778655180618286e-8,4,4.001382630624132,0.4835972294519854,0.4835224165090735,0.0017147221826303537,true,46,Optimization terminated successfully
fixed_cardinality,positive_block,1,8,9.999999603994081e-9,0.2501850638759083,0.26153102881196383,9.999999603994081e-9,9.999999603994081e-9,0.24923887735731057,0.239044989954819,9.999999603994081e-9,4,3.9959469840700153,0.5229024386824298,0.5228204804855534,0.001853548937887952,true,43,Optimization terminated successfully
bernoulli_conditioned_nonempty,positive_block,0.125,1,0.2010674246136585,0.20106742461365834,0.19901238425844742,9.999999802000005e-9,0.19896214898486259,9.999999802000005e-9,0.19889577227724628,0.0009948252521273476,5,5.009804131439871,0.0813639600540649,0.08134639632921374,0.0008545074494971038,true,3,Optimization terminated successfully
bernoulli_conditioned_nonempty,positive_block,0.25,2,0.21936605400040965,9.999999900999287e-9,0.22789897057386113,0.03454680667849965,0.03303206748683634,0.22662451389366103,0.22543372624606894,0.033097851120663206,7,4.863375413520175,0.16936319882529743,0.16933489699720666,0.0009662845075421204,true,38,Optimization terminated successfully
bernoulli_conditioned_nonempty,positive_block,0.375,3,0.23416954731361372,0.022559923834731262,0.23523764590472226,0.023014841198803256,0.23071804522606384,9.999999901000002e-9,0.23240657826825617,0.0218934082538097,7,4.567592517033902,0.2504873064200741,0.25045260584491635,0.0010832391383715995,true,64,Optimization terminated successfully
bernoulli_conditioned_nonempty,positive_block,0.5,4,0.24059082313544783,9.999999801896573e-9,0.2441239861703003,0.01750841532088589,0.24033007684298663,9.999999801896573e-9,0.2406609818786618,0.01678569665171786,4,4.278165955940607,0.321305406701789,0.3212594558439823,0.001219450746312946,true,33,Optimization terminated successfully
bernoulli_conditioned_nonempty,positive_block,0.625,5,0.24673356297357477,0.004576403846297045,0.24961955036687292,0.005010677063602433,0.24668004234518126,9.999999901000002e-9,0.24282941792020032,0.004550335484271463,4,4.114019280269051,0.38201788433691153,0.3819658431377201,0.0013904439113157344,true,77,Optimization terminated successfully
bernoulli_conditioned_nonempty,positive_block,0.75,6,0.24951621410698813,0.0011800120197234057,0.25297882029878926,0.0014610489102764787,0.2494779537160059,9.999999900999335e-9,0.24405906062233582,0.0013268803258811137,4,4.031185463789281,0.4345748397065209,0.4345170270204648,0.0015518433169292424,true,36,Optimization terminated successfully
bernoulli_conditioned_nonempty,positive_block,0.875,7,0.25174002546373475,0.0001892636899376413,0.25543722708365296,0.0001884239403628578,0.25090472758687105,9.999999898439402e-9,0.24135241202940647,0.00018791020603422146,4,4.00279405988083,0.4812042751887977,0.48113247288301986,0.0017066429368334565,true,29,Optimization terminated successfully
bernoulli_conditioned_nonempty,positive_block,1,8,9.999999603994081e-9,0.2501850638759083,0.26153102881196383,9.999999603994081e-9,9.999999603994081e-9,0.24923887735731057,0.239044989954819,9.999999603994081e-9,4,3.9959469840700153,0.5229024386824298,0.5228204804855534,0.001853548937887952,true,43,Optimization terminated successfully
fixed_cardinality,negative_block,0.125,1,9.999999603999169e-9,0.2418960816211254,9.999999603999169e-9,0.20612601752588244,9.999999603999169e-9,0.2658574634104455,0.28612039744254814,9.999999603999169e-9,4,3.944046256102405,0.000008322050190985,-0.0000012315447381098028,0.0006904094990531159,true,23,Optimization terminated successfully
fixed_cardinality,negative_block,0.25,2,0.12465796256300112,0.12472450035955368,0.12478348903654009,0.12479845343266222,0.12441114563088977,0.12443633479512174,0.126131218976558,0.12605689520567345,8,7.999786147191583,0.21127754283774242,0.21127445734126238,0.0004251184600613898,true,7,Optimization terminated successfully
fixed_cardinality,negative_block,0.375,3,0.12377063696368001,0.12496755780164673,0.1250966194546577,0.12488546854782147,0.12406155780969763,0.12513648028159677,0.12621886329018261,0.12586281585071712,8,7.999701501168954,0.3169165509476667,0.3169113864918075,0.0006376801726764033,true,15,Optimization terminated successfully
fixed_cardinality,negative_block,0.5,4,0.12187197632545752,0.12459064364631092,0.1250567746151921,0.12484944390178003,0.12379098484119723,0.1252474135687444,0.12822694574239263,0.12636581735892521,8,7.998478397481041,0.3829312366226981,0.3829108565410058,0.0007702924769876707,true,22,Optimization terminated successfully
fixed_cardinality,negative_block,0.625,5,0.1628975305302273,0.16701374038717426,0.16688425526513348,0.16697507106037837,0.1656337815114748,0.16767532156087203,0.0015327702766340877,0.0013875294081057371,6,6.034490919644222,0.43095805351802674,0.43098488247022315,0.0010052850369511295,true,23,Optimization terminated successfully
fixed_cardinality,negative_block,0.75,6,0.15890953428616802,0.16852336664222053,0.16970258005033967,0.1690766303080902,0.16456734968001613,0.16922051903316598,9.999999802000005e-9,9.999999802000005e-9,6,5.996777292563979,0.475047881928597,0.4750667233354517,0.001120917022381093,true,24,Optimization terminated successfully
fixed_cardinality,negative_block,0.875,7,9.999999604000017e-9,9.999999604000017e-9,0.24985178845789718,0.24831739066720848,9.999999604000017e-9,9.999999604000017e-9,0.251610935533316,0.25021984534158,4,3.999912376541974,0.5228345055889632,0.522871687248871,0.0015239258730364424,true,24,Optimization terminated successfully
fixed_cardinality,negative_block,1,8,9.999999505012572e-9,9.999999505012572e-9,9.999999505012572e-9,9.999999505012572e-9,9.999999505012572e-9,0.004693926410097662,0.4976704752849125,0.4976355483049922,2,2.0188191337763324,0.5641877303849145,0.5641910224244311,0.0023409213654964037,true,24,Optimization terminated successfully
bernoulli_conditioned_nonempty,negative_block,0.125,1,0.12459702348002848,0.12485849272609717,0.12486268958467008,0.12469314715556222,0.1241242447718008,0.12466138590404435,0.1262542466460864,0.1259487697317105,8,7.999766385536965,0.09693886643830998,0.0969372115056289,0.00019500937509866378,true,10,Optimization terminated successfully
bernoulli_conditioned_nonempty,negative_block,0.25,2,0.12405616748068278,0.12488891934896659,0.12500172515040606,0.12479020541116276,0.12389923370884015,0.12495696945674488,0.1263493614562654,0.1260574179869314,8,7.999673637463383,0.1962640889129586,0.19625902517682675,0.0003946092631319765,true,9,Optimization terminated successfully
bernoulli_conditioned_nonempty,negative_block,0.375,3,0.1230313993181172,0.12498518866492006,0.1250162069466115,0.12484320962248757,0.1236616306482297,0.12520649147243637,0.12706675491865066,0.12618911840854696,8,7.999269199331763,0.2868141306860122,0.2868014396060698,0.0005767355984581654,true,12,Optimization terminated successfully
bernoulli_conditioned_nonempty,negative_block,0.5,4,0.12168158405394552,0.12509566726814086,0.1252828824305347,0.12495707608212771,0.12239389124385634,0.12530879164355185,0.12885128091057108,0.12642882636727198,8,7.997769328328979,0.36067481963120307,0.3606465047688538,0.0007272372594039218,true,14,Optimization terminated successfully
bernoulli_conditioned_nonempty,negative_block,0.625,5,0.1613803065791235,0.16738504136830493,0.16804993433855997,0.16829219970719045,0.16440308503247336,0.16731399109909498,0.0016129768100827811,0.0015624650651701452,6,6.0367594224595535,0.4194732282124221,0.4194971590590597,0.000979792222602788,true,23,Optimization terminated successfully
bernoulli_conditioned_nonempty,negative_block,0.75,6,0.0172170522719586,0.013557252439280533,0.24355521987479514,0.24394548199663016,0.00017981491080283803,0.0001877912059129079,0.24352626952478304,0.2378311177758368,4,4.252107063335968,0.468751201287174,0.46880049057494566,0.0013144975391164665,true,141,Optimization terminated successfully
bernoulli_conditioned_nonempty,negative_block,0.875,7,0.00024078560569591587,0.00019212027198481824,0.25171372913085577,0.25199187344774837,0.00002133312934116777,0.00002190633920899284,0.25111575241605444,0.2447024996591105,4,4.003230831614756,0.5192701543716665,0.519301836766745,0.0015146369892408164,true,61,Optimization terminated successfully
bernoulli_conditioned_nonempty,negative_block,1,8,9.999999505012572e-9,9.999999505012572e-9,9.999999505012572e-9,9.999999505012572e-9,9.999999505012572e-9,0.004693926410097662,0.4976704752849125,0.4976355483049922,2,2.0188191337763324,0.5641877303849145,0.5641910224244311,0.0023409213654964037,true,24,Optimization terminated successfully
